,Unnamed: 0,MoleculeName,MolecularWeight,XLogP3-AA,HydrogenBondDonorCount,HydrogenBondAcceptorCount,RotatableBondCount,ExactMass,MonoisotopicMass,TopologicalPolarSurfaceArea,HeavyAtomCount,FormalCharge,Complexity,IsotopeAtomCount,DefinedAtomStereoCenter,DefinedBondStereoCenter,Covalently-BondedUnitCount,Vapor Pressure
0,0,2-Methylheptane,114.23,4.3,0,0,4,114.1408506,114.1408506,0,8,0,37.3,0,0,0,1,20.7
1,1,2-Methyloctane,0,0,0,0,0,0,0,0,0,0,0,0,0,0,0,0
2,2,2-Methylnonane,0,0,0,0,0,0,0,0,0,0,0,0,0,0,0,0
3,3,3-Methylpentane,0,0,0,0,0,0,0,0,0,0,0,0,0,0,0,0
4,4,3-Methylhexane,100.2,3.7,0,0,3,100.1252005,100.1252005,0,7,0,31,0,0,0,1,61.5
5,5,"2,2-Dimethylbutane",0,0,0,0,0,0,0,0,0,0,0,0,0,0,0,0
6,6,Cyclopropane,0,0,0,0,0,0,0,0,0,0,0,0,0,0,0,0
7,7,Methylcyclopentane,0,0,0,0,0,0,0,0,0,0,0,0,0,0,0,0
8,8,Cyclohexane,0,0,0,0,0,0,0,0,0,0,0,0,0,0,0,0
9,9,Methylcyclohexane,0,0,0,0,0,0,0,0,0,0,0,0,0,0,0,0
10,10,"1,2-Dimethylcyclohexane",0,0,0,0,0,0,0,0,0,0,0,0,0,0,0,0
11,11,t-Butylcyclohexane,0,0,0,0,0,0,0,0,0,0,0,0,0,0,0,0
12,12,"1,2,4-Trimethylcyclohexane",126.24,4,0,0,0,126.1408506,126.1408506,0,9,0,86,0,0,0,1,0
13,13,Dichloromethane,0,0,0,0,0,0,0,0,0,0,0,0,0,0,0,0
14,14,Chloroform,0,0,0,0,0,0,0,0,0,0,0,0,0,0,0,0
15,15,"1,1-dichloroethane",98.96,1.9,0,0,0,97.9690055,97.9690055,0,4,0,11.5,0,0,0,1,234
16,16,"1,2-dichloroethane",98.96,1.5,0,0,1,97.9690055,97.9690055,0,4,0,6,0,0,0,1,60
17,17,"1,1,1-Trichloroethane",0,0,0,0,0,0,0,0,0,0,0,0,0,0,0,0
18,18,"1,1,2-trichloroethane",133.4,1.9,0,0,1,131.930033,131.930033,0,5,0,18.9,0,0,0,1,16.7
19,19,"1,1,1,2-tetrachloroethane",167.8,2.7,0,0,0,167.888111,165.891061,0,6,0,35.3,0,0,0,1,10
20,20,"1-Chloro-2,2,2-trifluroethane",0,0,0,0,0,0,0,0,0,0,0,0,0,0,0,0
21,21,1-bromopropane,122.99,2.1,0,0,1,121.97311,121.97311,0,4,0,7.2,0,0,0,1,274.01
22,22,2-bromopropane,0,0,0,0,0,0,0,0,0,0,0,0,0,0,0,0
23,23,Teflurane,180.93,2.6,0,4,0,179.91978,179.91978,0,7,0,57.2,0,0,0,1,0
24,24,Halothane,197.38,2.3,0,3,0,195.89022,195.89022,0,7,0,60.4,0,0,0,1,243
25,25,"trans 1,2-dichloroethene",0,0,0,0,0,0,0,0,0,0,0,0,0,0,0,0
26,26,"cis 1,2-dichloroethene",0,0,0,0,0,0,0,0,0,0,0,0,0,0,0,0
27,27,tetrachloroethylene,0,0,0,0,0,0,0,0,0,0,0,0,0,0,0,0
28,28,Propene (Propylene),0,0,0,0,0,0,0,0,0,0,0,0,0,0,0,0
29,29,1-Octene,0,0,0,0,0,0,0,0,0,0,0,0,0,0,0,0
30,30,1-Nonene,126.24,5.2,0,0,6,126.1408506,126.1408506,0,9,0,55.1,0,0,0,1,10.86
31,31,1-Decene,0,0,0,0,0,0,0,0,0,0,0,0,0,0,0,0
32,32,"1,3-Butadiene",54.09,2,0,0,1,54.04695019,54.04695019,0,4,0,21,0,0,0,1,1840
33,33,Trichloroethene,0,0,0,0,0,0,0,0,0,0,0,0,0,0,0,0
34,34,"1-Chloro-2,2-difluroethylene",0,0,0,0,0,0,0,0,0,0,0,0,0,0,0,0
35,35,Methanol,0,0,0,0,0,0,0,0,0,0,0,0,0,0,0,0
36,36,Ethanol,0,0,0,0,0,0,0,0,0,0,0,0,0,0,0,0
37,37,1-Propanol,0,0,0,0,0,0,0,0,0,0,0,0,0,0,0,0
38,38,1-Butanol,0,0,0,0,0,0,0,0,0,0,0,0,0,0,0,0
39,39,1-Pentanol,0,0,0,0,0,0,0,0,0,0,0,0,0,0,0,0
40,40,2-Propanol (Isopropanol),0,0,0,0,0,0,0,0,0,0,0,0,0,0,0,0
41,41,2-Methyl-1-propanol (Isobutanol),0,0,0,0,0,0,0,0,0,0,0,0,0,0,0,0
42,42,3-Methyl-1-butanol (Isopentanol),0,0,0,0,0,0,0,0,0,0,0,0,0,0,0,0
43,43,t-butanol,0,0,0,0,0,0,0,0,0,0,0,0,0,0,0,0
44,44,amylene-hydrate (tertiary-amyl alcohol),0,0,0,0,0,0,0,0,0,0,0,0,0,0,0,0
45,45,Diethyl ether,0,0,0,0,0,0,0,0,0,0,0,0,0,0,0,0
46,46,Ethyl t-butyl ether,102.17,1.4,0,1,2,102.1044651,102.1044651,9.2,7,0,42.6,0,0,0,1,10
47,47,Methyl t-butyl ether,0,0,0,0,0,0,0,0,0,0,0,0,0,0,0,0
48,48,tertiary-Amyl methyl ether,102.17,1.6,0,1,2,102.1044651,102.1044651,9.2,7,0,48.1,0,0,0,1,75.21
49,49,Methoxyflurane,0,0,0,0,0,0,0,0,0,0,0,0,0,0,0,0
50,50,Isoflurane,184.49,2.1,0,6,2,183.9714332,183.9714332,9.2,10,0,102,0,0,0,1,330
51,51,Enflurane,0,0,0,0,0,0,0,0,0,0,0,0,0,0,0,0
52,52,sevoflurane,200.05,2.8,0,8,2,200.0072119,200.0072119,9.2,12,0,121,0,0,0,1,193.02
53,53,Ethylene Oxide,0,0,0,0,0,0,0,0,0,0,0,0,0,0,0,0
54,54,Fluroxene,126.08,1.9,0,4,2,126.0292493,126.0292493,9.2,8,0,75.8,0,0,0,1,286
55,55,Divinyl ether (vinyl ether),0,0,0,0,0,0,0,0,0,0,0,0,0,0,0,0
56,56,Acetone,0,0,0,0,0,0,0,0,0,0,0,0,0,0,0,0
57,57,2-Butanone (Methyl ethyl ketone),0,0,0,0,0,0,0,0,0,0,0,0,0,0,0,0
58,58,2-pentanone,0,0,0,0,0,0,0,0,0,0,0,0,0,0,0,0
59,59,Methyl acetate,74.08,0.2,0,2,1,74.03677943,74.03677943,26.3,5,0,40.2,0,0,0,1,170
60,60,Ethyl acetate,0,0,0,0,0,0,0,0,0,0,0,0,0,0,0,0
61,61,Propyl acetate,102.13,1.2,0,2,3,102.0680796,102.0680796,26.3,7,0,59.1,0,0,0,1,67.21
62,62,Butyl acetate,0,0,0,0,0,0,0,0,0,0,0,0,0,0,0,0
63,63,Pentyl acetate,130.18,1.9,0,2,5,130.0993797,130.0993797,26.3,9,0,79,0,0,0,1,5.17
64,64,Isopropyl acetate,102.13,0.9,0,2,2,102.0680796,102.0680796,26.3,7,0,66.5,0,0,0,1,1
65,65,Isobutyl acetate,0,0,0,0,0,0,0,0,0,0,0,0,0,0,0,0
66,66,Isopentylacetate,0,0,0,0,0,0,0,0,0,0,0,0,0,0,0,0
67,67,Benzene,0,0,0,0,0,0,0,0,0,0,0,0,0,0,0,0
68,68,Toluene,92.14,2.7,0,0,0,92.06260026,92.06260026,0,7,0,42,0,0,0,1,10
69,69,o-Xylene,0,0,0,0,0,0,0,0,0,0,0,0,0,0,0,0
70,70,m-xylene,106.16,3.2,0,0,0,106.0782503,106.0782503,0,8,0,58.4,0,0,0,1,10
71,71,p-xylene,0,0,0,0,0,0,0,0,0,0,0,0,0,0,0,0
72,72,ethylbenzene,106.16,3.1,0,0,1,106.0782503,106.0782503,0,8,0,51.1,0,0,0,1,10
73,73,styrene,0,0,0,0,0,0,0,0,0,0,0,0,0,0,0,0
74,74,t-Butylbenzene,134.22,4.1,0,0,1,134.1095504,134.1095504,0,10,0,91.1,0,0,0,1,2.2
75,75,"1,2,4-Trimethylbenzene (Pseudocumene)",120.19,3,0,0,0,120.0939004,120.0939004,0,9,0,86,0,0,0,1,4.9
76,76,4-Chlorobenzotrifluoride,0,0,0,0,0,0,0,0,0,0,0,0,0,0,0,0
77,77,propargyl alcohol,56.06,-0.4,1,1,0,56.02621475,56.02621475,20.2,4,0,38.5,0,0,0,1,12
78,78,acrylonitrile,0,0,0,0,0,0,0,0,0,0,0,0,0,0,0,0
79,79,1-(3-Fluoropropyl)-2-nitroimidazole (FPN),0,0,0,0,0,0,0,0,0,0,0,0,0,0,0,0
80,80,1-(8-fluorooctyl)-2-nitroimidazole (FON),0,0,0,0,0,0,0,0,0,0,0,0,0,0,0,0
81,81,16a-fluoroestradiol (estradiol16afluoro),0,0,0,0,0,0,0,0,0,0,0,0,0,0,0,0
82,82,1-hexyl-4-(4-iodophenyl)piperazine,372.29,4.8,0,2,6,372.10625,372.10625,6.5,19,0,231,0,0,0,1,0
83,83,1-hydroxymidazolam,341.8,2.7,1,4,2,341.0731179,341.0731179,50.4,24,0,491,0,0,0,1,0
84,84,1-isobutyl-4-(4-iodophenyl)piperazine,0,0,0,0,0,0,0,0,0,0,0,0,0,0,0,0
85,85,4-Fluoroantipyrine,0,0,0,0,0,0,0,0,0,0,0,0,0,0,0,0
86,86,4-hydroxymidazolam,0,0,0,0,0,0,0,0,0,0,0,0,0,0,0,0
87,87,"4-iodo-alpha,alpha'-dipiperidino-m-xylene",0,0,0,0,0,0,0,0,0,0,0,0,0,0,0,0
88,88,4-Iodoantipyrine,314.12,1.3,0,2,1,313.99161,313.99161,23.6,15,0,308,0,0,0,1,0
89,89,"4-iodo-N,N'-isopropyl-m-xylenediamine",0,0,0,0,0,0,0,0,0,0,0,0,0,0,0,0
90,90,5-Butyl-5-ethyl barbituric acid (Butethal),0,0,0,0,0,0,0,0,0,0,0,0,0,0,0,0
91,91,5-Heptyl-5-ethyl barbituric acid,0,0,0,0,0,0,0,0,0,0,0,0,0,0,0,0
92,92,5-Hexyl-5-ethyl barbituric acid,0,0,0,0,0,0,0,0,0,0,0,0,0,0,0,0
93,93,5-Methyl-5-ethyl barbituric acid,0,0,0,0,0,0,0,0,0,0,0,0,0,0,0,0
94,94,5-Octyl-5-ethyl barbituric acid,0,0,0,0,0,0,0,0,0,0,0,0,0,0,0,0
95,95,5-Pentyl-5-ethyl barbituric acid,0,0,0,0,0,0,0,0,0,0,0,0,0,0,0,0
96,96,5-Propyl-5-ethyl barbituric acid,0,0,0,0,0,0,0,0,0,0,0,0,0,0,0,0
97,97,9-OH Risperidone,0,0,0,0,0,0,0,0,0,0,0,0,0,0,0,0
98,98,AFE,432.4,1.2,6,10,3,432.1056468,432.1056468,166,31,0,702,0,5,0,1,0
99,99,AI-9 (YH1885),0,0,0,0,0,0,0,0,0,0,0,0,0,0,0,0
100,100,alaptide,0,0,0,0,0,0,0,0,0,0,0,0,0,0,0,0
101,101,alovudine,0,0,0,0,0,0,0,0,0,0,0,0,0,0,0,0
102,102,alpha-(4-pyridyl-1-oxide)-N-tert-butylnitrone,0,0,0,0,0,0,0,0,0,0,0,0,0,0,0,0
103,103,Alprazolam,0,0,0,0,0,0,0,0,0,0,0,0,0,0,0,0
104,104,Aminopyrine,231.29,1,0,3,2,231.1371622,231.1371622,26.8,17,0,343,0,0,0,1,0
105,105,Amobarbital (5-Ethyl-5-(3-methylbutyl)barbital),0,0,0,0,0,0,0,0,0,0,0,0,0,0,0,0
106,106,Antipyrine,0,0,0,0,0,0,0,0,0,0,0,0,0,0,0,0
107,107,atenolol,0,0,0,0,0,0,0,0,0,0,0,0,0,0,0,0
108,108,Barbital (5-Ethyl-5-ethyl barbituric acid),0,0,0,0,0,0,0,0,0,0,0,0,0,0,0,0
109,109,Beloxepin (Org4428),0,0,0,0,0,0,0,0,0,0,0,0,0,0,0,0
110,110,BESP,0,0,0,0,0,0,0,0,0,0,0,0,0,0,0,0
111,111,betahistine (Y-G 14),0,0,0,0,0,0,0,0,0,0,0,0,0,0,0,0
112,112,Biperiden,0,0,0,0,0,0,0,0,0,0,0,0,0,0,0,0
113,113,bisphenol A,0,0,0,0,0,0,0,0,0,0,0,0,0,0,0,0
114,114,BMSP,0,0,0,0,0,0,0,0,0,0,0,0,0,0,0,0
115,115,BPSP,0,0,0,0,0,0,0,0,0,0,0,0,0,0,0,0
116,116,BSP,0,0,0,0,0,0,0,0,0,0,0,0,0,0,0,0
117,117,butyl 4-aminobenzoate,0,0,0,0,0,0,0,0,0,0,0,0,0,0,0,0
118,118,"Caffeine (1,3,7-Trimethylxanthine)",0,0,0,0,0,0,0,0,0,0,0,0,0,0,0,0
119,119,carbamazepine,236.27,2.5,1,1,0,236.094963,236.094963,46.3,18,0,326,0,0,0,1,1.84X10-7
120,120,Carmustine (BCNU),0,0,0,0,0,0,0,0,0,0,0,0,0,0,0,0
121,121,carteolol,0,0,0,0,0,0,0,0,0,0,0,0,0,0,0,0
122,122,Chlorpromazine,318.9,5.2,0,3,4,318.0957475,318.0957475,31.8,21,0,339,0,0,0,1,5.17X10-6
123,123,Clobazam,0,0,0,0,0,0,0,0,0,0,0,0,0,0,0,0
124,124,Clonidine (SKB6),0,0,0,0,0,0,0,0,0,0,0,0,0,0,0,0
125,125,Cocaine,0,0,0,0,0,0,0,0,0,0,0,0,0,0,0,0
126,126,Codeine,299.4,1.1,1,4,1,299.1521435,299.1521435,41.9,22,0,509,0,5,0,1,5.54X10-9
127,127,Cotinine,0,0,0,0,0,0,0,0,0,0,0,0,0,0,0,0
128,128,daidzein,254.24,2.5,2,4,1,254.0579088,254.0579088,66.8,19,0,382,0,0,0,1,0
129,129,Desipramine,0,0,0,0,0,0,0,0,0,0,0,0,0,0,0,0
130,130,desmethydesipramine (didesipramine or Desdimethylimipramine),0,0,0,0,0,0,0,0,0,0,0,0,0,0,0,0
131,131,Desmethylclobazam,286.71,1.9,1,2,1,286.0509053,286.0509053,49.4,20,0,395,0,0,0,1,0
132,132,Desmethyldiazepam,0,0,0,0,0,0,0,0,0,0,0,0,0,0,0,0
133,133,desmonomethylpromazine (Monodesmethylpromazine),0,0,0,0,0,0,0,0,0,0,0,0,0,0,0,0
134,134,Diazepam,0,0,0,0,0,0,0,0,0,0,0,0,0,0,0,0
135,135,"Didanosine (2',3'-dideoxyinosine)",0,0,0,0,0,0,0,0,0,0,0,0,0,0,0,0
136,136,diphenhydramine,0,0,0,0,0,0,0,0,0,0,0,0,0,0,0,0
137,137,domperidone,425.9,3.9,2,3,5,425.1618527,425.1618527,67.9,30,0,655,0,0,0,1,0
138,138,doxylamine,270.37,2.5,0,3,6,270.1732133,270.1732133,25.4,20,0,276,0,0,0,1,Slightly
139,139,ethenzamide (o-Ethoxybenzamide and AI-5),0,0,0,0,0,0,0,0,0,0,0,0,0,0,0,0
140,140,ethyl 4-aminobenzoate,0,0,0,0,0,0,0,0,0,0,0,0,0,0,0,0
141,141,Fentanyl,0,0,0,0,0,0,0,0,0,0,0,0,0,0,0,0
142,142,FFMZ,303.29,1,0,5,3,303.1019195,303.1019195,64.4,22,0,461,0,0,0,1,0
143,143,flumazenil,0,0,0,0,0,0,0,0,0,0,0,0,0,0,0,0
144,144,Flunitrazepam,0,0,0,0,0,0,0,0,0,0,0,0,0,0,0,0
145,145,fluoroethylfumazrnil,189.14,-0.5,1,5,3,189.0549693,189.0549693,83.9,13,0,187,0,0,0,1,0
146,146,fluoromisonidazole,0,0,0,0,0,0,0,0,0,0,0,0,0,0,0,0
147,147,Fluoxetine,470.7,6.4,2,4,1,470.3396099,470.3396099,74.6,34,0,965,0,0,0,1,0
148,148,glycyrrhetinic acid,0,0,0,0,0,0,0,0,0,0,0,0,0,0,0,0
149,149,HEPP (beta-ethyl-beta-hydroxybenzenepropanamide),0,0,0,0,0,0,0,0,0,0,0,0,0,0,0,0
150,150,Hexobarbital,0,0,0,0,0,0,0,0,0,0,0,0,0,0,0,0
151,151,Hydroxyzine,0,0,0,0,0,0,0,0,0,0,0,0,0,0,0,0
152,152,I-1,0,0,0,0,0,0,0,0,0,0,0,0,0,0,0,0
153,153,I-4 (44cyanophenoxymethylpiperidineniodoallyl),0,0,0,0,0,0,0,0,0,0,0,0,0,0,0,0
154,154,Ibuprofen (a-Methyl-4-isobutylphenylacetic acid),0,0,0,0,0,0,0,0,0,0,0,0,0,0,0,0
155,155,Imipramine (SKB8),0,0,0,0,0,0,0,0,0,0,0,0,0,0,0,0
156,156,Indinavir,0,0,0,0,0,0,0,0,0,0,0,0,0,0,0,0
157,157,Indomethacin,256.09,1.4,2,5,1,255.0078506,255.0078506,90.7,16,0,242,0,0,0,1,0
158,158,lamotrigine,0,0,0,0,0,0,0,0,0,0,0,0,0,0,0,9.4X10-9
159,159,lidocaine,321.2,2.4,2,3,1,320.011933,320.011933,61.7,21,0,443,0,0,0,1,0
160,160,Lorazepam,0,0,0,0,0,0,0,0,0,0,0,0,0,0,0,0
161,161,Lupitidine (SKB5),0,0,0,0,0,0,0,0,0,0,0,0,0,0,0,0
162,162,Mannitol,0,0,0,0,0,0,0,0,0,0,0,0,0,0,0,0
163,163,Mefloquine (+ve) (AI-8),0,0,0,0,0,0,0,0,0,0,0,0,0,0,0,0
164,164,methamphetamine,262.3,2.3,1,3,3,262.1317424,262.1317424,66.5,19,0,497,0,0,0,1,0
165,165,Methohexital,264.4,3.4,0,2,0,264.1626486,264.1626486,6.5,20,0,342,0,0,0,1,0
166,166,Mianserin,0,0,0,0,0,0,0,0,0,0,0,0,0,0,0,0
167,167,Midazolam,263.2,1.8,1,7,2,263.042987,263.042987,85.3,19,0,448,0,0,0,1,0
168,168,miloxacin,0,0,0,0,0,0,0,0,0,0,0,0,0,0,0,0
169,169,Mirtazapine,0,0,0,0,0,0,0,0,0,0,0,0,0,0,0,0
170,170,Morphine,0,0,0,0,0,0,0,0,0,0,0,0,0,0,0,0
171,171,MSP,0,0,0,0,0,0,0,0,0,0,0,0,0,0,0,0
172,172,nalidixic acid,266.3,2,1,4,1,266.1167611,266.1167611,58.1,20,0,397,0,0,0,1,0
173,173,Nevirapine,0,0,0,0,0,0,0,0,0,0,0,0,0,0,0,3.4X10-9
174,174,Nicotine,356.6,5.4,1,4,4,356.1380911,356.1380911,65.9,24,0,405,0,0,0,1,0
175,175,Northioridazine,0,0,0,0,0,0,0,0,0,0,0,0,0,0,0,0
176,176,Olanzapine,0,0,0,0,0,0,0,0,0,0,0,0,0,0,0,0
177,177,Org13011,0,0,0,0,0,0,0,0,0,0,0,0,0,0,0,0
178,178,Org30526,0,0,0,0,0,0,0,0,0,0,0,0,0,0,0,0
179,179,Org32104,264.32,3.4,1,3,4,264.1262631,264.1262631,52,20,0,333,0,1,0,1,0
180,180,Org34167,0,0,0,0,0,0,0,0,0,0,0,0,0,0,0,0
181,181,Org5222,286.71,2.2,2,3,1,286.0509053,286.0509053,61.7,20,0,407,0,0,0,1,0
182,182,Oxazepam,0,0,0,0,0,0,0,0,0,0,0,0,0,0,0,4.2X10-12
183,183,Paracetamol (Acetaminophen or +ol),180.16,-0.2,1,3,0,180.0647255,180.0647255,67.2,13,0,267,0,0,0,1,0
184,184,Paraxanthine,285.4,3.3,1,2,2,285.2092645,285.2092645,23.5,21,0,414,0,3,0,1,0
185,185,Pentazocine,0,0,0,0,0,0,0,0,0,0,0,0,0,0,0,0
186,186,Pentobarbital (5-Ethyl-5-(1-methylbutyl)barbital),0,0,0,0,0,0,0,0,0,0,0,0,0,0,0,0
187,187,pentylenetetrazole (metrazole),0,0,0,0,0,0,0,0,0,0,0,0,0,0,0,0
188,188,phencyclidine,308.4,3.2,0,2,5,308.1524779,308.1524779,40.6,23,0,389,0,0,0,1,0
189,189,Phenylbutazone,0,0,0,0,0,0,0,0,0,0,0,0,0,0,0,6.38X10-7
190,190,Phenyl-N-tert-butylnitrone,0,0,0,0,0,0,0,0,0,0,0,0,0,0,0,0
191,191,Phenytoin,275.35,0.7,1,4,2,275.1633769,275.1633769,44.8,20,0,403,0,2,0,1,0
192,192,physostigmine,0,0,0,0,0,0,0,0,0,0,0,0,0,0,0,0
193,193,Pindolol,352.9,5.5,0,2,4,352.134241,352.134241,33.2,25,0,457,0,0,0,1,0
194,194,PK-11195,198.22,3.5,1,2,2,198.0680796,198.0680796,37.3,15,0,211,0,0,0,1,0
195,195,p-Phenylbenzoic acid,236.31,1.9,1,4,7,236.1524779,236.1524779,55.6,17,0,222,0,0,0,1,0
196,196,procaine,0,0,0,0,0,0,0,0,0,0,0,0,0,0,0,0
197,197,Promazine,0,0,0,0,0,0,0,0,0,0,0,0,0,0,0,0
198,198,Propofol,0,0,0,0,0,0,0,0,0,0,0,0,0,0,0,0
199,199,Propranolol (Propanolol),0,0,0,0,0,0,0,0,0,0,0,0,0,0,0,0
200,200,propyl-4-aminobenzoate,0,0,0,0,0,0,0,0,0,0,0,0,0,0,0,0
201,201,pyrene,0,0,0,0,0,0,0,0,0,0,0,0,0,0,0,0
202,202,Pyrilamine (Mepyramine SKB7),0,0,0,0,0,0,0,0,0,0,0,0,0,0,0,0
203,203,R-Etodolac,410.5,2.7,0,6,4,410.2118043,410.2118043,61.9,30,0,731,0,0,0,1,0
204,204,Risperidone,0,0,0,0,0,0,0,0,0,0,0,0,0,0,0,4.6X10-11
205,205,rolipram,0,0,0,0,0,0,0,0,0,0,0,0,0,0,0,0
206,206,S-2fluoroethylisothiourea,0,0,0,0,0,0,0,0,0,0,0,0,0,0,0,0
207,207,salbutamol (albuterol),0,0,0,0,0,0,0,0,0,0,0,0,0,0,0,0
208,208,Salicylic acid (2-Hydroxybenzoic acid),0,0,0,0,0,0,0,0,0,0,0,0,0,0,0,0
209,209,saquinavir (invirase),0,0,0,0,0,0,0,0,0,0,0,0,0,0,0,0
210,210,SKB15,0,0,0,0,0,0,0,0,0,0,0,0,0,0,0,0
211,211,SKB16,0,0,0,0,0,0,0,0,0,0,0,0,0,0,0,0
212,212,SKB17,0,0,0,0,0,0,0,0,0,0,0,0,0,0,0,0
213,213,SKB19 (guanidinen4phenylthiazol2yl),0,0,0,0,0,0,0,0,0,0,0,0,0,0,0,0
214,214,SKB2 (guanidinen25methylthiazol2yl ),0,0,0,0,0,0,0,0,0,0,0,0,0,0,0,0
215,215,SKB20 (guanidinen43aminophenylthiazol2yl),0,0,0,0,0,0,0,0,0,0,0,0,0,0,0,0
216,216,SKB22,0,0,0,0,0,0,0,0,0,0,0,0,0,0,0,0
217,217,SKB23,0,0,0,0,0,0,0,0,0,0,0,0,0,0,0,0
218,218,SKB24 (pyrrole3nitro225dimethylaminomethylfuran2ylmethylthioethylamino),0,0,0,0,0,0,0,0,0,0,0,0,0,0,0,0
219,219,SKB25 (ranidtidineanalog),0,0,0,0,0,0,0,0,0,0,0,0,0,0,0,0
220,220,SKB26 (pyrrole3nitro235dimethylaminomethylfuran2ylphenylamino ),0,0,0,0,0,0,0,0,0,0,0,0,0,0,0,0
221,221,SKB29,0,0,0,0,0,0,0,0,0,0,0,0,0,0,0,0
222,222,SKB30 (npropylacetamide33npiperidinylmethylphenoxy),0,0,0,0,0,0,0,0,0,0,0,0,0,0,0,0
223,223,SKB31 (benzamiden33piperidinylmethylphenoxy),0,0,0,0,0,0,0,0,0,0,0,0,0,0,0,0
224,224,SKB34 (propanol33npiperidinylmethylphenoxy),0,0,0,0,0,0,0,0,0,0,0,0,0,0,0,0
225,225,SKB36 (2pyridineaminen33npiperidinylmethylphenoxypropyl),0,0,0,0,0,0,0,0,0,0,0,0,0,0,0,0
226,226,SKB37,0,0,0,0,0,0,0,0,0,0,0,0,0,0,0,0
227,227,SKB42,276.37,2.3,2,3,7,276.183778,276.183778,52.6,20,0,316,0,0,0,1,0
228,228,SKF 89124,0,0,0,0,0,0,0,0,0,0,0,0,0,0,0,0
229,229,S-methylisothiourea,0,0,0,0,0,0,0,0,0,0,0,0,0,0,0,0
230,230,Spiperone,224.21,-0.8,2,4,2,224.0797069,224.0797069,78.9,16,0,388,0,2,0,1,0
231,231,Stavudine,0,0,0,0,0,0,0,0,0,0,0,0,0,0,0,9.5X10-12
232,232,Sulforidazine,0,0,0,0,0,0,0,0,0,0,0,0,0,0,0,0
233,233,terbinafine,0,0,0,0,0,0,0,0,0,0,0,0,0,0,0,0
234,234,tertbutylchlorambucil,0,0,0,0,0,0,0,0,0,0,0,0,0,0,0,0
235,235,"Theobromine (3,7-Dimethylxanthine)",0,0,0,0,0,0,0,0,0,0,0,0,0,0,0,0
236,236,"Theophylline (1,3-Dimethylxanthine)",0,0,0,0,0,0,0,0,0,0,0,0,0,0,0,0
237,237,Thiopental (Thiopentone),0,0,0,0,0,0,0,0,0,0,0,0,0,0,0,0
238,238,thioperamide,0,0,0,0,0,0,0,0,0,0,0,0,0,0,0,0
239,239,Thioridazine,312.4,2.4,1,2,1,312.2089301,312.2089301,37.3,23,0,636,0,6,0,1,0
240,240,tibolone,0,0,0,0,0,0,0,0,0,0,0,0,0,0,0,0
241,241,Tiotidine (SKB10),223.31,1.9,2,3,6,223.1572289,223.1572289,41.5,16,0,185,0,0,0,1,0
242,242,Toliprolol,0,0,0,0,0,0,0,0,0,0,0,0,0,0,0,0
243,243,Trifluroperazine,0,0,0,0,0,0,0,0,0,0,0,0,0,0,0,0
244,244,triptanol (amitriptyline),0,0,0,0,0,0,0,0,0,0,0,0,0,0,0,0
245,245,Valproic acid,454.6,3.8,0,6,13,454.2831577,454.2831577,64,33,0,606,0,0,0,1,0
246,246,Verapamil,0,0,0,0,0,0,0,0,0,0,0,0,0,0,0,4.2X10-9
247,247,Y-G 15 (2pyridineethanaminenndimethyl),0,0,0,0,0,0,0,0,0,0,0,0,0,0,0,0
248,248,Y-G 16 (thiazole22aminoethyl),0,0,0,0,0,0,0,0,0,0,0,0,0,0,0,0
249,249,Zolantidine (SKB41),270.71,2.9,1,2,1,270.0559907,270.0559907,41.5,19,0,376,0,0,0,1,0
250,250,Nordazepam,0,0,0,0,0,0,0,0,0,0,0,0,0,0,0,0
251,251,BBCPD10,0,0,0,0,0,0,0,0,0,0,0,0,0,0,0,0
252,252,SB222200,0,0,0,0,0,0,0,0,0,0,0,0,0,0,0,0
253,253,"L-663,581",0,0,0,0,0,0,0,0,0,0,0,0,0,0,0,0
254,254,"L-663,581 Mono-Hydroxylated metabolite",0,0,0,0,0,0,0,0,0,0,0,0,0,0,0,0
255,255,"L-663,581 Bis-Hydrolated",0,0,0,0,0,0,0,0,0,0,0,0,0,0,0,0
256,256,"1,2,3,4-Tetrahydroquinoline",324.8,1.6,1,4,1,324.0777887,324.0777887,63.3,23,0,468,0,0,0,1,0
257,257,4-Hydroxyalprazolam,0,0,0,0,0,0,0,0,0,0,0,0,0,0,0,0
258,258,Acetylsalicylic acid,0,0,0,0,0,0,0,0,0,0,0,0,0,0,0,0
259,259,Amphetamine,289.4,1.8,1,4,5,289.1677936,289.1677936,49.8,21,0,353,0,2,0,1,0
260,260,Atropine,0,0,0,0,0,0,0,0,0,0,0,0,0,0,0,0
261,261,BBcpd18 (ranitidine analog),654.6,3.8,3,6,5,653.22128,653.22128,118,43,0,1230,0,6,0,1,0
262,262,Bromocriptine,0,0,0,0,0,0,0,0,0,0,0,0,0,0,0,0
263,263,Buspirone,252.27,1.3,1,2,0,252.0898776,252.0898776,58.9,19,0,358,0,0,0,1,0
264,264,"Carbamazepine-10,11-epoxide",0,0,0,0,0,0,0,0,0,0,0,0,0,0,0,0
265,265,Cefotetan,0,0,0,0,0,0,0,0,0,0,0,0,0,0,0,0
266,266,Desflurane,588.6,0.6,3,13,5,588.1842911,588.1842911,161,42,0,969,0,10,0,1,0
267,267,Etoposide,437.5,4.4,1,8,6,437.1748681,437.1748681,55.2,30,0,544,0,0,0,1,5.4X10-23
268,268,Fluphenazine,0,0,0,0,0,0,0,0,0,0,0,0,0,0,0,1.11X10-10
269,269,Gentisic acid,375.9,3.2,1,4,6,375.1401348,375.1401348,40.5,26,0,451,0,0,0,1,0
270,270,Haloperidol,0,0,0,0,0,0,0,0,0,0,0,0,0,0,0,4.8X10-11
271,271,Icotidine,0,0,0,0,0,0,0,0,0,0,0,0,0,0,0,0
272,272,Levodopa,257.37,3.1,1,2,0,257.1779644,257.1779644,23.5,19,0,357,0,3,0,1,0
273,273,Levorphanol,0,0,0,0,0,0,0,0,0,0,0,0,0,0,0,2.24X10-7
274,274,Lin_train_45,0,0,0,0,0,0,0,0,0,0,0,0,0,0,0,0
275,275,Lin_train_55,0,0,0,0,0,0,0,0,0,0,0,0,0,0,0,0
276,276,Mesoridazine,454.4,-1.8,5,12,9,454.1713158,454.1713158,211,33,0,704,0,1,0,1,0
277,277,Methotrexate,0,0,0,0,0,0,0,0,0,0,0,0,0,0,0,2.1X10-19
278,278,Nor-1-chlorpromazine,0,0,0,0,0,0,0,0,0,0,0,0,0,0,0,0
279,279,Nor-2-chlorpromazine (CID 74981),0,0,0,0,0,0,0,0,0,0,0,0,0,0,0,0
280,280,Norverapamil,0,0,0,0,0,0,0,0,0,0,0,0,0,0,0,0
281,281,Pergolide,337.4,2.3,1,4,3,337.179027,337.179027,44.8,25,0,507,0,2,0,1,0
282,282,Phenserine,0,0,0,0,0,0,0,0,0,0,0,0,0,0,0,0
283,283,Primidone,324.4,2.9,1,4,4,324.183778,324.183778,45.6,24,0,457,0,4,0,1,0
284,284,Quinidine,0,0,0,0,0,0,0,0,0,0,0,0,0,0,0,0
285,285,Salicyluric acid,379.5,2.6,2,5,9,379.2008251,379.2008251,88.5,28,0,577,0,0,0,1,0
286,286,SK&F 93319,0,0,0,0,0,0,0,0,0,0,0,0,0,0,0,0
287,287,Tacrine,442.4,3.7,2,4,8,441.11642,441.11642,79.3,28,0,593,0,0,0,1,0
288,288,Temelastine,343.2,2.4,0,3,1,342.0439018,342.0439018,43.1,23,0,472,0,0,0,1,0
289,289,Triazolam,324.8,0.9,1,4,2,324.0777887,324.0777887,63.3,23,0,454,0,0,0,1,4.5X10-9
290,290,alpha-Hydroxyalprazolam,0,0,0,0,0,0,0,0,0,0,0,0,0,0,0,0
291,291,noname,0,0,0,0,0,0,0,0,0,0,0,0,0,0,0,0
292,292,noname,0,0,0,0,0,0,0,0,0,0,0,0,0,0,0,0
293,293,noname,0,0,0,0,0,0,0,0,0,0,0,0,0,0,0,0
294,294,noname,0,0,0,0,0,0,0,0,0,0,0,0,0,0,0,0
295,295,noname,0,0,0,0,0,0,0,0,0,0,0,0,0,0,0,0
296,296,noname,0,0,0,0,0,0,0,0,0,0,0,0,0,0,0,0
297,297,noname,0,0,0,0,0,0,0,0,0,0,0,0,0,0,0,0
298,298,noname,0,0,0,0,0,0,0,0,0,0,0,0,0,0,0,0
299,299,noname,0,0,0,0,0,0,0,0,0,0,0,0,0,0,0,0
300,300,Comp13,0,0,0,0,0,0,0,0,0,0,0,0,0,0,0,0
301,301,Org12692,0,0,0,0,0,0,0,0,0,0,0,0,0,0,0,0
302,302,RO19-4603,368.19,3.7,2,4,1,367.94803,367.94803,87.4,18,0,307,0,0,0,1,0
303,303,2-(3'-Iodo-4'-aminophenyl)-6-hydroxybenzothiazole,488,5,1,5,7,487.1696407,487.1696407,74,33,0,732,0,1,0,1,0
304,304,SB-656104-A,312.4,2.8,1,3,2,312.1950114,312.1950114,50.2,23,0,442,0,2,0,1,0
305,305,granisetron,0,0,0,0,0,0,0,0,0,0,0,0,0,0,0,0
306,306,Zidovudine,371.5,7.1,0,2,8,371.2249145,371.2249145,12.5,28,0,463,0,0,1,1,0
307,307,Tamoxifen,0,0,0,0,0,0,0,0,0,0,0,0,0,0,0,3.46X10-8
308,308,Chlorambucil,420.3,3.3,1,4,6,419.08962,419.08962,40.5,26,0,451,0,0,0,1,0
309,309,Bromperidol,0,0,0,0,0,0,0,0,0,0,0,0,0,0,0,0
310,310,Cimetidine,314.41,0.3,2,7,9,314.1412618,314.1412618,112,21,0,347,0,0,1,1,0
311,311,Ranitidine,418.3,3.1,0,4,3,417.0688,417.0688,64.4,26,0,593,0,1,0,1,0
312,312,SKF 93319,0,0,0,0,0,0,0,0,0,0,0,0,0,0,0,0
313,313,Bretazenil,0,0,0,0,0,0,0,0,0,0,0,0,0,0,0,0
314,314,Piperidinederivatives 1,0,0,0,0,0,0,0,0,0,0,0,0,0,0,0,0
315,315,Piperidinederivatives 2,0,0,0,0,0,0,0,0,0,0,0,0,0,0,0,0
316,316,Piperidinederivatives 3,0,0,0,0,0,0,0,0,0,0,0,0,0,0,0,0
317,317,Piperazinederivatives 6,0,0,0,0,0,0,0,0,0,0,0,0,0,0,0,0
318,318,Piperazinederivatives 7,0,0,0,0,0,0,0,0,0,0,0,0,0,0,0,0
319,319,Piperazinederivatives 8,0,0,0,0,0,0,0,0,0,0,0,0,0,0,0,0
320,320,Piperazinederivatives 12,0,0,0,0,0,0,0,0,0,0,0,0,0,0,0,0
321,321,S111,291.4,2.7,1,4,7,291.1834437,291.1834437,49.8,21,0,331,0,0,0,1,0
322,322,S115,0,0,0,0,0,0,0,0,0,0,0,0,0,0,0,0
323,323,S114,0,0,0,0,0,0,0,0,0,0,0,0,0,0,0,0
324,324,S113 amitryptalline,0,0,0,0,0,0,0,0,0,0,0,0,0,0,0,0
325,325,S118,341.8,2.7,1,4,2,341.0731179,341.0731179,50.4,24,0,491,0,0,0,1,0
326,326,ropinirole (SKF101468),0,0,0,0,0,0,0,0,0,0,0,0,0,0,0,0
327,327,1-Hydroxymidazolam,60.056,-1.4,2,1,0,60.03236276,60.03236276,69.1,4,0,29,0,0,0,1,0
328,328,bupropion,336.4,1.7,3,5,10,336.2049074,336.2049074,87.7,24,0,401,0,0,0,1,0
329,329,urea,0,0,0,0,0,0,0,0,0,0,0,0,0,0,0,1.20E-05
330,330,acebutolol,0,0,0,0,0,0,0,0,0,0,0,0,0,0,0,0
331,331,acyclovir,0,0,0,0,0,0,0,0,0,0,0,0,0,0,0,0
332,332,alprenolol,248.32,1.9,2,4,6,248.1524779,248.1524779,65.3,18,0,290,0,0,0,1,0
333,333,betaxolol,0,0,0,0,0,0,0,0,0,0,0,0,0,0,0,0
334,334,bunitrolol,379.5,4.3,0,4,6,379.2147438,379.2147438,38.8,28,0,510,0,0,0,1,0
335,335,Cetirizine,0,0,0,0,0,0,0,0,0,0,0,0,0,0,0,0
336,336,donepezil,477,5,1,3,7,476.223056,476.223056,43.8,34,0,623,0,0,0,1,6.77X10-10
337,337,fexofenadine,0,0,0,0,0,0,0,0,0,0,0,0,0,0,0,0
338,338,loperamide,345.4,2.2,1,6,5,345.1147127,345.1147127,96.3,24,0,453,0,0,0,1,7.91X10-16
339,339,metoprolol,0,0,0,0,0,0,0,0,0,0,0,0,0,0,0,0
340,340,omeprazole,303.35,0.9,1,5,5,303.1470582,303.1470582,62.3,22,0,418,0,0,0,1,9.2X10-13
341,341,ribavirin,0,0,0,0,0,0,0,0,0,0,0,0,0,0,0,0
342,342,scopolamine,272.37,0.2,3,5,6,272.1194637,272.1194637,86.8,18,0,330,0,0,0,1,7.18X10-9
343,343,secobarbital,0,0,0,0,0,0,0,0,0,0,0,0,0,0,0,0
344,344,sotalol,0,0,0,0,0,0,0,0,0,0,0,0,0,0,0,0
345,345,terfenadine,352.4,5.2,0,6,4,352.1221043,352.1221043,31.8,24,0,416,0,0,0,1,0
346,346,tretinoin,0,0,0,0,0,0,0,0,0,0,0,0,0,0,0,0
347,347,triflupromazine,0,0,0,0,0,0,0,0,0,0,0,0,0,0,0,0
348,348,zolpidem,0,0,0,0,0,0,0,0,0,0,0,0,0,0,0,0
349,349,vincristine,0,0,0,0,0,0,0,0,0,0,0,0,0,0,0,0
350,350,AR-1D9859,287.35,1.8,1,4,1,287.1521435,287.1521435,41.9,21,0,440,0,3,0,1,0
351,351,propylhexedrine,0,0,0,0,0,0,0,0,0,0,0,0,0,0,0,0
352,352,galanthamine,0,0,0,0,0,0,0,0,0,0,0,0,0,0,0,0
353,353,butaperazine,0,0,0,0,0,0,0,0,0,0,0,0,0,0,0,0
354,354,vinblastine,780.9,1.3,6,14,7,780.4296067,780.4296067,203,55,0,1450,0,21,0,1,0
355,355,cytisine,0,0,0,0,0,0,0,0,0,0,0,0,0,0,0,0
356,356,digoxin,415.5,2,2,7,6,415.1907345,415.1907345,74.3,30,0,553,0,1,0,1,6.23X10-23
357,357,doxorubicin,318.37,2.2,1,4,5,318.1691906,318.1691906,86.4,23,0,510,0,1,0,1,0
358,358,flesinoxan,0,0,0,0,0,0,0,0,0,0,0,0,0,0,0,0
359,359,apaxifylline,505.6,2.9,3,8,12,505.224657,505.224657,140,35,0,745,0,3,0,1,0
360,360,nelfinavir,0,0,0,0,0,0,0,0,0,0,0,0,0,0,0,0
361,361,amprenavir,142.2,2.1,0,2,7,142.0993797,142.0993797,18.5,10,0,77.3,0,0,0,1,9.9X10-18
362,362,sertraline,0,0,0,0,0,0,0,0,0,0,0,0,0,0,0,0
363,363,"1,4-divinyloxybutane",189.14,-0.5,1,5,3,189.0549693,189.0549693,83.9,13,0,187,0,0,0,1,0
364,364,rivastigmine,376.5,4.9,1,3,6,376.2514636,376.2514636,32.3,28,0,479,0,0,0,1,0
365,365,fluoromisonidazole,0,0,0,0,0,0,0,0,0,0,0,0,0,0,0,0
366,366,zanapezil,300.4,3.3,0,3,4,300.1296344,300.1296344,53.5,21,0,348,0,0,0,1,0
367,367,darifenacin,0,0,0,0,0,0,0,0,0,0,0,0,0,0,0,0
368,368,Promazine 5-sulfoxide,0,0,0,0,0,0,0,0,0,0,0,0,0,0,0,0
369,369,fluvoxamine,0,0,0,0,0,0,0,0,0,0,0,0,0,0,0,0
370,370,ZINC-05140934,0,0,0,0,0,0,0,0,0,0,0,0,0,0,0,0
371,371,3-MoSA,0,0,0,0,0,0,0,0,0,0,0,0,0,0,0,0
372,372,Guanidinothiazol Analogue 17 AC1LBIBI -- pubmed,72.15,3.4,0,0,2,72.09390038,72.09390038,0,5,0,7.5,0,0,0,1,0
373,373,"1,3-diphenylguanidine",0,0,0,0,0,0,0,0,0,0,0,0,0,0,0,0
374,374,Pentane,100.2,4.4,0,0,4,100.1252005,100.1252005,0,7,0,19.2,0,0,0,1,400
375,375,Hexane,0,0,0,0,0,0,0,0,0,0,0,0,0,0,0,0
376,376,Heptane,456.5,3.4,1,10,7,456.1919152,456.1919152,99,31,0,685,0,0,0,1,37.49
377,377,2-methylpentane,425.4,4.4,1,7,4,425.1351113,425.1351113,65.8,31,0,678,0,1,0,1,0
378,378,LU-201640,0,0,0,0,0,0,0,0,0,0,0,0,0,0,0,0
379,379,Pfizer Compound 1,0,0,0,0,0,0,0,0,0,0,0,0,0,0,0,0
380,380,Pfizer Compound 2,0,0,0,0,0,0,0,0,0,0,0,0,0,0,0,0
381,381,Pfizer Compound 10,0,0,0,0,0,0,0,0,0,0,0,0,0,0,0,0
382,382,Pfizer Compound 13,0,0,0,0,0,0,0,0,0,0,0,0,0,0,0,0
383,383,Pfizer Compound 14,0,0,0,0,0,0,0,0,0,0,0,0,0,0,0,0
384,384,Pfizer Compound 18,0,0,0,0,0,0,0,0,0,0,0,0,0,0,0,0
385,385,Pfizer Compound 23,0,0,0,0,0,0,0,0,0,0,0,0,0,0,0,0
386,386,Pfizer Compound 3,0,0,0,0,0,0,0,0,0,0,0,0,0,0,0,0
387,387,COMPOUND A,0,0,0,0,0,0,0,0,0,0,0,0,0,0,0,0
388,388,BMS-184111 HCl,0,0,0,0,0,0,0,0,0,0,0,0,0,0,0,0
389,389,18,323.26,-4.5,9,11,3,323.1077125,323.1077125,216,22,0,491,0,0,0,1,0
390,390,19,214.17,-0.4,3,6,6,214.047738,214.047738,112,15,0,326,0,0,0,1,0
391,391,24,0,0,0,0,0,0,0,0,0,0,0,0,0,0,0,0
392,392,42,0,0,0,0,0,0,0,0,0,0,0,0,0,0,0,0
393,393,Alfentanil,0,0,0,0,0,0,0,0,0,0,0,0,0,0,0,0
394,394,Cyclosporin A,0,0,0,0,0,0,0,0,0,0,0,0,0,0,0,0
395,395,Tz-3,0,0,0,0,0,0,0,0,0,0,0,0,0,0,0,0
396,396,Pfizer Compound 4,0,0,0,0,0,0,0,0,0,0,0,0,0,0,0,0
397,397,Pfizer Compound 6,0,0,0,0,0,0,0,0,0,0,0,0,0,0,0,0
398,398,Pfizer Compound 7,0,0,0,0,0,0,0,0,0,0,0,0,0,0,0,0
399,399,Pfizer Compound 9,0,0,0,0,0,0,0,0,0,0,0,0,0,0,0,0
400,400,Pfizer Compound 11,0,0,0,0,0,0,0,0,0,0,0,0,0,0,0,0
401,401,Pfizer Compound 12,0,0,0,0,0,0,0,0,0,0,0,0,0,0,0,0
402,402,Pfizer Compound 15,0,0,0,0,0,0,0,0,0,0,0,0,0,0,0,0
403,403,Pfizer Compound 17,0,0,0,0,0,0,0,0,0,0,0,0,0,0,0,0
404,404,Pfizer Compound 20,0,0,0,0,0,0,0,0,0,0,0,0,0,0,0,0
405,405,Pfizer Compound 21,0,0,0,0,0,0,0,0,0,0,0,0,0,0,0,0
406,406,Pfizer Compound 22,516.1,3.9,2,9,8,515.1870221,515.1870221,102,35,0,752,0,0,0,1,0
407,407,Pfizer Compound 24,0,0,0,0,0,0,0,0,0,0,0,0,0,0,0,0
408,408,Compound 13,0,0,0,0,0,0,0,0,0,0,0,0,0,0,0,0
409,409,Compound 17,0,0,0,0,0,0,0,0,0,0,0,0,0,0,0,0
410,410,compound 32,0,0,0,0,0,0,0,0,0,0,0,0,0,0,0,0
411,411,25,157.12,-0.3,3,5,3,157.0375077,157.0375077,101,11,0,229,0,0,0,1,0
412,412,Besonprodil 9,103.08,-3.7,2,4,2,103.026943,103.026943,80.4,7,0,90.2,0,0,0,1,0
413,413,28,0,0,0,0,0,0,0,0,0,0,0,0,0,0,0,0
414,414,29,148.11,-1,3,5,4,148.0371734,148.0371734,94.8,10,0,141,0,0,0,1,0
415,415,37,0,0,0,0,0,0,0,0,0,0,0,0,0,0,0,0
416,416,43,0,0,0,0,0,0,0,0,0,0,0,0,0,0,0,0
417,417,47,0,0,0,0,0,0,0,0,0,0,0,0,0,0,0,0
418,418,TZ-19,0,0,0,0,0,0,0,0,0,0,0,0,0,0,0,0
419,419,DM44,0,0,0,0,0,0,0,0,0,0,0,0,0,0,0,0
420,420,DM49,0,0,0,0,0,0,0,0,0,0,0,0,0,0,0,0
421,421,DM5,0,0,0,0,0,0,0,0,0,0,0,0,0,0,0,0
422,422,Pfizer Compound 5,0,0,0,0,0,0,0,0,0,0,0,0,0,0,0,0
423,423,Pfizer Compound 8,275.26,2.4,5,6,4,275.0793725,275.0793725,110,20,0,338,0,0,0,1,0
424,424,Pfizer Compound 19,169.07,-5,3,6,4,169.0140094,169.0140094,110,10,0,162,0,0,0,1,0
425,425,Compound 5,0,0,0,0,0,0,0,0,0,0,0,0,0,0,0,0
426,426,5,182.17,1,3,4,3,182.0579088,182.0579088,77.8,13,0,181,0,0,0,1,0
427,427,17 ZM0241385,0,0,0,0,0,0,0,0,0,0,0,0,0,0,0,0
428,428,20,0,0,0,0,0,0,0,0,0,0,0,0,0,0,0,0
429,429,21,0,0,0,0,0,0,0,0,0,0,0,0,0,0,0,0
430,430,22,0,0,0,0,0,0,0,0,0,0,0,0,0,0,0,0
431,431,25 test,176.55,0.3,1,4,2,175.9876363,175.9876363,63.6,11,0,235,0,0,0,1,0
432,432,27,118.04,0.2,1,5,0,117.9902232,117.9902232,101,8,-2,91.8,0,0,0,1,0
433,433,35,258.12,-3.4,5,9,7,258.0140689,258.0140689,162,16,0,307,0,0,0,1,0
434,434,44,145.11,-1.5,2,4,4,145.0375077,145.0375077,97.5,10,0,175,0,0,0,1,0
435,435,46,116.11,0.7,1,3,2,116.0473441,116.0473441,54.4,8,0,115,0,0,0,1,0
436,436,48,146.1,-0.9,2,5,4,146.0215233,146.0215233,91.7,10,0,171,0,0,0,1,0
437,437,49,0,0,0,0,0,0,0,0,0,0,0,0,0,0,0,0
438,438,51,0,0,0,0,0,0,0,0,0,0,0,0,0,0,0,0
439,439,TZ-2,0,0,0,0,0,0,0,0,0,0,0,0,0,0,0,0
440,440,TZ-21,0,0,0,0,0,0,0,0,0,0,0,0,0,0,0,0
441,441,sucrose,314.9,5.2,0,2,4,314.1549764,314.1549764,6.5,22,0,346,0,0,0,1,0
442,442,Warfarin,318.8,3.5,0,3,2,318.059362,318.059362,60.9,21,0,442,0,0,0,1,0
443,443,Clomipramine,0,0,0,0,0,0,0,0,0,0,0,0,0,0,0,4.07X10-7
444,444,Clotiazepam,348.4,1.6,1,4,6,348.183778,348.183778,53.4,26,0,514,0,0,2,1,0
445,445,Trihexyphenidyl,0,0,0,0,0,0,0,0,0,0,0,0,0,0,0,0
446,446,acrivastine,98.96,1.5,0,0,1,97.9690055,97.9690055,0,4,0,6,0,0,0,1,0
447,447,Bromocytisine,142.11,0.8,4,4,0,142.0266087,142.0266087,80.9,10,0,104,0,0,0,1,0
448,448,11,0,0,0,0,0,0,0,0,0,0,0,0,0,0,0,60
449,449,12,0,0,0,0,0,0,0,0,0,0,0,0,0,0,0,0
450,450,TZ-18,281.27,2.2,1,4,1,281.0800412,281.0800412,87.3,21,0,452,0,0,0,1,0
451,451,TZ-28,0,0,0,0,0,0,0,0,0,0,0,0,0,0,0,0
452,452,Nitrazepam,270.35,2.3,2,3,5,270.1038136,270.1038136,83.6,18,0,354,0,0,0,1,0
453,453,Promethazine,0,0,0,0,0,0,0,0,0,0,0,0,0,0,0,0
454,454,tolbutamide,271.74,3.3,1,2,0,271.0763918,271.0763918,21.3,19,0,337,0,2,0,1,0
455,455,Chlorpheniramine,142.28,5,0,0,7,142.1721507,142.1721507,0,10,0,40,0,0,0,1,0
456,456,ORG-30526,330.5,5.1,0,4,5,330.1224411,330.1224411,57.1,22,0,350,0,0,0,1,0
457,457,Decane,0,0,0,0,0,0,0,0,0,0,0,0,0,0,0,1
458,458,TZ-11,0,0,0,0,0,0,0,0,0,0,0,0,0,0,0,0
459,459,TZ-17,0,0,0,0,0,0,0,0,0,0,0,0,0,0,0,0
460,460,"2',3'-Dideoxy-3'-hydroxymethylcytidine",0,0,0,0,0,0,0,0,0,0,0,0,0,0,0,0
461,461,"2',3'-Dideoxycytidine (zalcitabine)",0,0,0,0,0,0,0,0,0,0,0,0,0,0,0,0
462,462,MK-801,0,0,0,0,0,0,0,0,0,0,0,0,0,0,0,0
463,463,TZ-10,0,0,0,0,0,0,0,0,0,0,0,0,0,0,0,0
464,464,TZ-12,0,0,0,0,0,0,0,0,0,0,0,0,0,0,0,0
465,465,TZ-13,0,0,0,0,0,0,0,0,0,0,0,0,0,0,0,0
466,466,TZ-14,90.08,-0.7,2,3,1,90.03169405,90.03169405,57.5,6,0,59.1,0,0,0,1,0
467,467,glycerol,0,0,0,0,0,0,0,0,0,0,0,0,0,0,0,0
468,468,Lactic acid,245.36,3.4,0,2,5,245.1779644,245.1779644,20.3,18,0,262,0,0,0,1,0.08
469,469,Leucine,137.14,0.8,2,3,1,137.0476785,137.0476785,63.3,10,0,128,0,0,0,1,0
470,470,Inaperisone,0,0,0,0,0,0,0,0,0,0,0,0,0,0,0,0
471,471,p-aminobenzoic acid,0,0,0,0,0,0,0,0,0,0,0,0,0,0,0,4.5X10-6
472,472,Alanine,0,0,0,0,0,0,0,0,0,0,0,0,0,0,0,0
473,473,TZ-1,128.25,4.5,0,0,6,128.1565006,128.1565006,0,9,0,33.3,0,0,0,1,0
474,474,Octane,0,0,0,0,0,0,0,0,0,0,0,0,0,0,0,0
475,475,Nonane,0,0,0,0,0,0,0,0,0,0,0,0,0,0,0,3.22
476,476,TZ-15,0,0,0,0,0,0,0,0,0,0,0,0,0,0,0,0
477,477,PAC-1,0,0,0,0,0,0,0,0,0,0,0,0,0,0,0,0
478,478,SPAC-1,0,0,0,0,0,0,0,0,0,0,0,0,0,0,0,0
479,479,Triprolidine,0,0,0,0,0,0,0,0,0,0,0,0,0,0,0,0
480,480,Dexamethasone,0,0,0,0,0,0,0,0,0,0,0,0,0,0,0,0
481,481,Ivermectin,247.33,2.5,0,3,4,247.1572289,247.1572289,29.5,18,0,276,0,0,0,1,0
482,482,Loratadine,0,0,0,0,0,0,0,0,0,0,0,0,0,0,0,0
483,483,Meperidine,335.5,2,2,4,5,335.1667482,335.1667482,73.6,23,0,483,0,0,0,1,8.43X10-7
484,484,Methadone,0,0,0,0,0,0,0,0,0,0,0,0,0,0,0,0
485,485,Naratriptan,269.34,1.7,1,3,5,269.1640456,269.1640456,49.7,20,0,309,0,0,0,1,0
486,486,Paclitaxel,0,0,0,0,0,0,0,0,0,0,0,0,0,0,0,0
487,487,Rizatriptan,295.4,0.9,2,4,6,295.1354481,295.1354481,73.6,20,0,405,0,0,0,1,0
488,488,Sufentanil,0,0,0,0,0,0,0,0,0,0,0,0,0,0,0,0
489,489,Sumatriptan,0,0,0,0,0,0,0,0,0,0,0,0,0,0,0,7.05X10-9
490,490,Zolmitriptan,0,0,0,0,0,0,0,0,0,0,0,0,0,0,0,0
491,491,Tadalafil,474.6,1.5,1,8,7,474.2049246,474.2049246,118,33,0,838,0,0,0,1,0
492,492,Vardenafil,395.5,0,1,7,4,395.2069731,395.2069731,97.5,29,0,632,0,2,0,1,0
493,493,Sildenafil,0,0,0,0,0,0,0,0,0,0,0,0,0,0,0,1.85X10-17
494,494,PF-4447943,0,0,0,0,0,0,0,0,0,0,0,0,0,0,0,0
495,495,PF-02545920,0,0,0,0,0,0,0,0,0,0,0,0,0,0,0,0
496,496,FAHA,0,0,0,0,0,0,0,0,0,0,0,0,0,0,0,0
497,497,SYA013,0,0,0,0,0,0,0,0,0,0,0,0,0,0,0,0
498,498,ML,0,0,0,0,0,0,0,0,0,0,0,0,0,0,0,0
499,499,6 (Ms-275),148.16,-0.4,3,4,3,148.0735589,148.0735589,77.8,10,0,134,0,0,0,1,0
500,500,7 (CI-994),226.32,0.6,2,2,0,226.1681279,226.1681279,58.2,16,0,205,0,0,0,1,0
501,501,8,154.12,1.2,3,4,1,154.0266087,154.0266087,77.8,11,0,157,0,0,0,1,0
502,502,16,182.17,1,3,4,3,182.0579088,182.0579088,77.8,13,0,181,0,0,0,1,0
503,503,19,289.25,-3.3,8,8,3,289.1022332,289.1022332,184,20,0,479,0,0,0,1,0
504,504,20,269.21,-2.7,4,8,2,269.0760185,269.0760185,158,19,0,527,0,0,0,1,0
505,505,25,185.13,-0.5,3,6,4,185.0324223,185.0324223,118,13,0,302,0,0,0,1,0
506,506,26,157.12,-0.3,3,5,3,157.0375077,157.0375077,101,11,0,229,0,0,0,1,0
507,507,23,0,0,0,0,0,0,0,0,0,0,0,0,0,0,0,0
508,508,28,0,0,0,0,0,0,0,0,0,0,0,0,0,0,0,0
509,509,5a,0,0,0,0,0,0,0,0,0,0,0,0,0,0,0,0